{
  "shoulder_pan": [
    -140.65127154013453,
    159.48243093093984
  ],
  "shoulder_lift": [
    -0.1977539067504238,
    204.9891809931751
  ],
  "elbow_flex": [
    -0.10986328597475098,
    243.75016302353896
  ],
  "wrist_flex": [
    -90.77183437125711,
    89.47540299508617
  ],
  "wrist_yaw": [
    -117.29360918257836,
    107.38363307429351
  ],
  "wrist_roll": [
    -144.16701579275022,
    373.43671332299857
  ],
  "gripper": [
    -11.535988017571022,
    356.64909189034773
  ]
}